Episode	Panelist	Score	Comment
A01 - Adam	Danny Baker	18	
A01 - Adam	Hugh Laurie	11	
A01 - Adam	John Sessions	10	
A01 - Adam	Alan Davies	-5	
A02 - Astronomy	Jeremy Hardy	20	
A02 - Astronomy	Rich Hall	20	
A02 - Astronomy	Bill Bailey	5	
A02 - Astronomy	Alan Davies	-30	
A03 - Aquatic Animals	Clive Anderson	26	
A03 - Aquatic Animals	Meera Syal	19	
A03 - Aquatic Animals	Bill Bailey	10	
A03 - Aquatic Animals	Alan Davies	-20	
A04 - Atoms	Jo Brand	36	
A04 - Atoms	Howard Goodall	13	
A04 - Atoms	Jeremy Hardy	7	
A04 - Atoms	Alan Davies	-24	
A05 - Advertising	Gyles Brandreth	54	
A05 - Advertising	Rich Hall	35	
A05 - Advertising	Rob Brydon	17	
A05 - Advertising	Alan Davies	15	
A06 - Antidotes	Danny Baker	19	
A06 - Antidotes	Howard Goodall	17	
A06 - Antidotes	Jo Brand	13	
A06 - Antidotes	Alan Davies	8	
A07 - Arthropods	Jackie Clune	5	
A07 - Arthropods	Alan Davies	0	
A07 - Arthropods	Jimmy Carr	-1	
A07 - Arthropods	Jo Brand	-38	
A08 - Albania	Clive Anderson	37	
A08 - Albania	Linda Smith	30	
A08 - Albania	Sean Lock	25	
A08 - Albania	Alan Davies	-30	
A09 - Africa	Dave Gorman	20	
A09 - Africa	Jo Brand	15	
A09 - Africa	Jeremy Hardy	15	
A09 - Africa	Alan Davies	10	
A10 - Alan	Alan Davies	23	
A10 - Alan	Julia Morris	9	
A10 - Alan	Rich Hall	3	
A10 - Alan	Peter Serafinowicz	-5	
A11 - Arts	Richard E. Grant	12	
A11 - Arts	Linda Smith	5	
A11 - Arts	Bill Bailey	-2	
A11 - Arts	Alan Davies	-18	
A12 - Advent	John Sessions	28	
A12 - Advent	Sean Lock	7	
A12 - Advent	Phill Jupitus	5	
A12 - Advent	Alan Davies	-6	
B01 - Blue	Sean Lock	17	
B01 - Blue	Bill Bailey	7	
B01 - Blue	Jo Brand	-20	
B01 - Blue	Alan Davies	-22	
B02 - Birds	Rich Hall	3	
B02 - Birds	Phil Kay	1	
B02 - Birds	Jo Brand	-8	
B02 - Birds	Alan Davies	-40	
B03 - Bombs	Phill Jupitus	4	
B03 - Bombs	Rich Hall	2	
B03 - Bombs	Clive Anderson	1	
B03 - Bombs	Alan Davies	-4	
B04 - Bible	Jeremy Clarkson	5	
B04 - Bible	Jeremy Hardy	3	
B04 - Bible	Barry Cryer	-6	
B04 - Bible	Alan Davies	-6	
B05 - Bears	Jimmy Carr	15	
B05 - Bears	Jo Brand	8	
B05 - Bears	Bill Bailey	-5	
B05 - Bears	Alan Davies	-35	
B06 - Beavers	Anneka Rice	7	
B06 - Beavers	Bill Bailey	6	
B06 - Beavers	Sean Lock	-18	
B06 - Beavers	Alan Davies	-18	
B07 - Biscuits	Dara Ó Briain	4	
B07 - Biscuits	Rich Hall	2	
B07 - Biscuits	Arthur Smith	-18	
B07 - Biscuits	Alan Davies	-20	
B08 - Bees	Rich Hall	5	
B08 - Bees	Fred MacAulay	4	
B08 - Bees	Jo Brand	-8	
B08 - Bees	Alan Davies	-19	
B09 - Bats	Rich Hall	4	
B09 - Bats	Josie Lawrence	4	
B09 - Bats	John Sessions	-14	
B09 - Bats	Alan Davies	-72	
B10 - Bills	Clive Anderson	1	
B10 - Bills	Phil Kay	0	
B10 - Bills	John Sessions	-10	
B10 - Bills	Alan Davies	-26	
B11 - Beats	Linda Smith	2	
B11 - Beats	Mark Gatiss	-4	
B11 - Beats	Sean Lock	-8	
B11 - Beats	Alan Davies	-13	
B12 - Birth	Rich Hall	7	
B12 - Birth	Mark Steele	2	
B12 - Birth	Phill Jupitus	-3	
B12 - Birth	Alan Davies	-52	
B12 - Birth	Stephen Fry	-56	
C01 - Campanology	Rich Hall	8	
C01 - Campanology	Bill Bailey	-5	
C01 - Campanology	Rob Brydon	-16	
C01 - Campanology	Alan Davies	-25	
C02 - Cummingtonite	Andy Hamilton	5	
C02 - Cummingtonite	Doon Mackichan	-2	
C02 - Cummingtonite	Alan Davies	-4	
C02 - Cummingtonite	Arthur Smith	-6	
C03 - Common Knowledge	Rory McGrath	88	
C03 - Common Knowledge	Sean Lock	0	
C03 - Common Knowledge	Alan Davies	-9	
C03 - Common Knowledge	Jimmy Carr	-12	
C04 - Cheating	Alexander Armstrong	93	
C04 - Cheating	Jeremy Clarkson	0	
C04 - Cheating	John Sessions	-10	
C04 - Cheating	Alan Davies	-52	
C05 - Cat’s Eyes	Sean Lock	12	
C05 - Cat’s Eyes	Rich Hall	3	
C05 - Cat’s Eyes	Alan Davies	-18	
C05 - Cat’s Eyes	Jo Brand	-28	
C06 - Cockneys	Bill Bailey	3	
C06 - Cockneys	Rory McGrath	-1	
C06 - Cockneys	Phill Jupitus	-12	
C06 - Cockneys	Alan Davies	-19	
C07 - Constellations	Jeremy Clarkson	5	
C07 - Constellations	Sean Lock	3	
C07 - Constellations	Rich Hall	2	
C07 - Constellations	Alan Davies	-18	
C08 - Corby	David Mitchell	0	
C08 - Corby	Bill Bailey	-8	
C08 - Corby	Phill Jupitus	-9	
C08 - Corby	Alan Davies	-40	
C09 - Creatures	Helen Atkinson Wood	200	
C09 - Creatures	Andy Hamilton	22	
C09 - Creatures	Alan Davies	15	
C09 - Creatures	Bill Bailey	-20	
C10 - Cleve Crudgington	Mark Steele	2	
C10 - Cleve Crudgington	John Sessions	-16	
C10 - Cleve Crudgington	Clive Anderson	-28	
C10 - Cleve Crudgington	Alan Davies	-84	
C11 - Carnival	Clive Anderson	0	
C11 - Carnival	Phill Jupitus	-23	
C11 - Carnival	Jo Brand	-23	
C11 - Carnival	Alan Davies	-26	
C12 - Combustion	Bill Bailey	3	
C12 - Combustion	Dara Ó Briain	-8	
C12 - Combustion	Phill Jupitus	-18	
C12 - Combustion	Alan Davies	-47	
D01 - Danger	Jo Brand	7	
D01 - Danger	Sean Lock	4	
D01 - Danger	Jimmy Carr	0	
D01 - Danger	Alan Davies	-19	
D02 - Discoveries	Vic Reeves	16	
D02 - Discoveries	Alan Davies	0	
D02 - Discoveries	Clive Anderson	-7	
D02 - Discoveries	Arthur Smith	-23	
D03 - Dogs	Neil Mullarkey	-5	
D03 - Dogs	Liza Tarbuck	-8	
D03 - Dogs	Jeremy Clarkson	-13	
D03 - Dogs	Alan Davies	-36	
D04 - Dictionaries	Ronni Ancona	13	
D04 - Dictionaries	Rory Bremner	-7	
D04 - Dictionaries	Phill Jupitus	-7	
D04 - Dictionaries	Alan Davies	-7	
D05 - Death	The Audience	2	
D05 - Death	Andy Parsons	0	
D05 - Death	Sean Lock	-8	
D05 - Death	Alan Davies	-15	
D05 - Death	Clive Anderson	-24	
D06 - Drinks	Alan Davies	10	
D06 - Drinks	Jimmy Carr	2	
D06 - Drinks	John Sessions	-3	
D06 - Drinks	Phill Jupitus	-15	
D07 - Differences	Dara Ó Briain	3	
D07 - Differences	Julian Clary	-8	
D07 - Differences	Jo Brand	-16	
D07 - Differences	Alan Davies	-144	
D08 - Descendants	Jonathan Ross	3	
D08 - Descendants	Rich Hall	2	
D08 - Descendants	Phill Jupitus	1	
D08 - Descendants	Alan Davies	-29	
D09 - Doves	Alan Davies	54	
D09 - Doves	John Sessions	-4	
D09 - Doves	Andy Hamilton	-8	
D09 - Doves	David Mitchell	-9	
D10 - Divination	Graeme Garden	7	
D10 - Divination	Phill Jupitus	6	
D10 - Divination	Johnny Vaughan	-19	
D10 - Divination	Alan Davies	-70	
D11 - Denial and Deprivation	Vic Reeves	1	
D11 - Denial and Deprivation	Roger McGough	1	
D11 - Denial and Deprivation	Mark Steele	-6	
D11 - Denial and Deprivation	Alan Davies	-39	
D12 - Domesticity	Jessica Stevenson	-3	
D12 - Domesticity	Phill Jupitus	-4	
D12 - Domesticity	Jo Brand	-18	
D12 - Domesticity	Alan Davies	-64	
D13 - December	Dara Ó Briain	2	
D13 - December	Rich Hall	-9	
D13 - December	Jo Brand	-17	
D13 - December	Alan Davies	-53	
E01 - Engineering	Rob Brydon	11	
E01 - Engineering	Alan Davies	4	
E01 - Engineering	Jimmy Carr	-2	
E01 - Engineering	Bill Bailey	-18	
E02 - Electricity	Jo Brand	10	
E02 - Electricity	Rich Hall	1	
E02 - Electricity	Sean Lock	-12	
E02 - Electricity	Alan Davies	-21	
E03 - Eating	Alan Davies	-2	
E03 - Eating	Johnny Vegas	-3	
E03 - Eating	Jimmy Carr	-6	
E03 - Eating	Phill Jupitus	-21	
E04 - Exploration	Rich Hall	8	
E04 - Exploration	Bill Bailey	3	
E04 - Exploration	Alan Davies	-8	
E04 - Exploration	Sean Lock	-16	
E05 - Europe	Phill Jupitus	-5	
E05 - Europe	David Mitchell	-7	
E05 - Europe	Alan Davies	-26	
E05 - Europe	Dara Ó Briain	-27	
E05 - Europe	The Audience	-100	
E06 - Everything, Etc.	Vic Reeves	-6	
E06 - Everything, Etc.	Alan Davies	-24	
E06 - Everything, Etc.	Clive Anderson	-25	
E06 - Everything, Etc.	Jeremy Clarkson	-30	
E07 - Espionage	Vic Reeves	5	
E07 - Espionage	Clive Anderson	5	
E07 - Espionage	Jo Brand	4	
E07 - Espionage	Alan Davies	-8	
E08 - Eyes & Ears	Alan Davies	13	
E08 - Eyes & Ears	Phill Jupitus	3	
E08 - Eyes & Ears	Jimmy Carr	-10	
E08 - Eyes & Ears	David Mitchell	-11	
E09 - Entertainment	Jeremy Clarkson	4	
E09 - Entertainment	Jo Brand	2	
E09 - Entertainment	Bill Bailey	-6	
E09 - Entertainment	Alan Davies	-6	
E10 - England	The Audience	10	
E10 - England	Phill Jupitus	-8	
E10 - England	Charlie Higson	-15	
E10 - England	Sean Lock	-29	
E10 - England	Alan Davies	-59	
E11 - Endings	Jimmy Carr	5	
E11 - Endings	Dara Ó Briain	5	
E11 - Endings	Doon Mackichan	-17	
E11 - Endings	Alan Davies	-17	
E12 - Empire	Alan Davies	10	
E12 - Empire	Bill Bailey	8	
E12 - Empire	Sean Lock	-8	
E12 - Empire	Jo Brand	-33	
F01 - Families	Ronni Ancona	5	
F01 - Families	David Mitchell	3	
F01 - Families	Alan Davies	-6	
F01 - Families	Terry Wogan	-9	
F02 - Fire and Freezing	Clive Anderson	8	
F02 - Fire and Freezing	Alan Davies	-6	
F02 - Fire and Freezing	Rob Brydon	-8	
F02 - Fire and Freezing	Dom Joly	-16	
F03 - Flotsam & Jetsom	Charlie Higson	8	
F03 - Flotsam & Jetsom	Rob Brydon	-8	
F03 - Flotsam & Jetsom	Andy Hamilton	-15	
F03 - Flotsam & Jetsom	Alan Davies	-19	
F04 - Fight and Flight	Pam Ayers	3	
F04 - Fight and Flight	Johnny Vegas	1	
F04 - Fight and Flight	Alan Davies	-11	
F04 - Fight and Flight	Sean Lock	-12	
F05 - France	Hugh Dennis	15	
F05 - France	Jo Brand	5	
F05 - France	Phill Jupitus	-2	
F05 - France	Alan Davies	-39	
F06 - Fakes	Sean Lock	-16	
F06 - Fakes	Jimmy Carr	-18	
F06 - Fakes	Alan Davies	-21	
F06 - Fakes	Marcus Brigstock	-26	
F07 - Fingers & Fumbs	Phill Jupitus	-24	
F07 - Fingers & Fumbs	Jo Brand	-26	
F07 - Fingers & Fumbs	Dara Ó Briain	-28	
F07 - Fingers & Fumbs	Alan Davies	-42	
F08 - Fashion	Rich Hall	4	
F08 - Fashion	Clive Anderson	-5	
F08 - Fashion	Reginald D. Hunter	-6	
F08 - Fashion	Alan Davies	-35	
F09 - Future	Ben Miller	14	
F09 - Future	Sean Lock	7	
F09 - Future	Rob Brydon	-31	
F09 - Future	Alan Davies	-60	
F10 - Flora and Fauna	The Audience	10	
F10 - Flora and Fauna	Jimmy Carr	-1	
F10 - Flora and Fauna	John Sargeant	-4	
F10 - Flora and Fauna	Alan Davies	-18	
F10 - Flora and Fauna	Jo Brand	-27	
F11 - Film and Fame	Alan Davies	4	
F11 - Film and Fame	John Sessions	1	
F11 - Film and Fame	Emma Thompson	-10	
F11 - Film and Fame	David Mitchell	-15	
F12 - Food	David Mitchell	10	
F12 - Food	Rich Hall	-2	
F12 - Food	Alan Davies	-12	
F12 - Food	Jimmy Carr	-46	
G01 - Gardens	David Mitchell	3	
G01 - Gardens	Dara Ó Briain	3	
G01 - Gardens	Rob Brydon	-6	
G01 - Gardens	Alan Davies	-8	
G02 - Ganimals	John Hodgman	winner	unspecified score
G02 - Ganimals	Sandi Toksvig	-3	
G02 - Ganimals	Alan Davies	-4	
G02 - Ganimals	Bill Bailey	-7	
G02 - Ganimals	Sean Lock	-7	
G03 - Games	Liza Tarbuck	5	
G03 - Games	Phill Jupitus	2	
G03 - Games	Sean Lock	-7	
G03 - Games	Alan Davies	-17	
G04 - Geography	Alan Davies	-7	
G04 - Geography	Jo Brand	-10	
G04 - Geography	Jimmy Carr	-21	
G04 - Geography	Rob Brydon	-28	
G05 - Groovy	Alan Davies	5	
G05 - Groovy	David Tennant	-4	
G05 - Groovy	Bill Bailey	-6	
G05 - Groovy	Lee Mack	-29	
G06 - Genius	Alan Davies	4	
G06 - Genius	Dara Ó Briain	-7	
G06 - Genius	David Mitchell	-8	
G06 - Genius	Graham Norton	-19	
G07 - Girls and Boys	Alan Davies	-2.5	-5 as a team
G07 - Girls and Boys	Jack Dee	-2.5	-5 as a team
G07 - Girls and Boys	Sandi Toksvig	5	
G07 - Girls and Boys	Ronni Ancona	3	
G08 - Germany	Jo Brand	-6	
G08 - Germany	Rob Brydon	-7	
G08 - Germany	Alan Davies	-36	
G08 - Germany	Sean Lock	-76	
G09 - Gallimaufrey	Hugh Dennis	4	
G09 - Gallimaufrey	Andy Hamilton	2	
G09 - Gallimaufrey	Phill Jupitus	-15	
G09 - Gallimaufrey	Alan Davies	-56	
G10 - Greats	David Mitchell	4	
G10 - Greats	Alan Davies	2	
G10 - Greats	Sean Lock	-6	
G10 - Greats	Barack Obama	-10	
G10 - Greats	Jo Brand	-46	
G11 - Gifts	Jan Ravens	6	
G11 - Gifts	Jimmy Carr	-7	
G11 - Gifts	Clive Anderson	-14	
G11 - Gifts	Alan Davies	-18	
G12 - Gravity	Alan Davies	3	
G12 - Gravity	Rich Hall	3	
G12 - Gravity	Bill Bailey	-8	
G12 - Gravity	Barry Humphries	-36	
G13 - Gothic	Alan Davies	-17	
G13 - Gothic	Jack Dee	-17	
G13 - Gothic	Sue Perkins	-26	
G13 - Gothic	Jimmy Carr	-28	
G14 - Greeks	The Audience	10	
G14 - Greeks	Clive Anderson	3	
G14 - Greeks	Rich Hall	2	
G14 - Greeks	Phill Jupitus	-5	
G14 - Greeks	Alan Davies	-47	
G15 - Green	Bill Bailey	-5	
G15 - Green	Alan Davies	-7	
G15 - Green	Danny Baker	-13	
G15 - Green	Jeremy Clarkson	-27	
G16 - Geometry	Alan Davies	21	
G16 - Geometry	David Mitchell	4	
G16 - Geometry	Johnny Vegas	2	
G16 - Geometry	Rob Brydon	2	
H01 - Hodge Podge	Jack Dee	2	
H01 - Hodge Podge	Ross Noble	-6	
H01 - Hodge Podge	Alan Davies	-8	
H01 - Hodge Podge	Phill Jupitus	-10	
H02 - Hanantomy	Gyles Brandreth	-8	
H02 - Hanantomy	Sue Perkins	-8	
H02 - Hanantomy	Bill Bailey	-12	
H02 - Hanantomy	Alan Davies	-25	
H03 - Hoaxes	Sean Lock	-1	
H03 - Hoaxes	David Mitchell	-13	
H03 - Hoaxes	Danny Baker	-14	
H03 - Hoaxes	Alan Davies	-38	
H04 - Humans	Jo Brand	4	
H04 - Humans	Alan Davies	3	
H04 - Humans	Jack Dee	-2	
H04 - Humans	Jimmy Carr	-3	
H05 - Hanimals	Ross Noble	7	
H05 - Hanimals	Sean Lock	-5	
H05 - Hanimals	Alan Davies	-6	
H05 - Hanimals	Ruby Wax	-36	
H06 - Happiness	Phill Jupitus	4	
H06 - Happiness	Rich Hall	1	
H06 - Happiness	Andy Hamilton	-15	
H06 - Happiness	Alan Davies	-35	
H07 - Horrible	Dara Ó Briain	2	
H07 - Horrible	Chris Addison	-13.8	
H07 - Horrible	Sean Lock	-33	
H07 - Horrible	Alan Davies	-35	
H08 - Hypothetical	Sandi Toksvig	2	
H08 - Hypothetical	John Lloyd	-1	
H08 - Hypothetical	Johnny Vegas	-7	
H08 - Hypothetical	Alan Davies	-27	
H09 - House and Home	Bill Bailey	3	
H09 - House and Home	Eddie Izzard	-16	
H09 - House and Home	Danny Baker	-17	
H09 - House and Home	Alan Davies	-19	
H10 - Health and Safety	David Mitchell	6	
H10 - Health and Safety	Ross Noble	2	
H10 - Health and Safety	Jeremy Clarkson	-4	
H10 - Health and Safety	Alan Davies	-6	
H11 - Highs and Lows	Fred MacAulay	8	
H11 - Highs and Lows	Sandi Toksvig	6	
H11 - Highs and Lows	Rob Brydon	1	
H11 - Highs and Lows	Alan Davies	-39	
H12 - Horses and Hunting	Clare Balding	5	
H12 - Horses and Hunting	Dara Ó Briain	4	
H12 - Horses and Hunting	Alan Davies	-6	
H12 - Horses and Hunting	Jimmy Carr	-13	
H13 - Holidays	Rob Brydon	7	
H13 - Holidays	Rich Hall	-5	
H13 - Holidays	Bill Bailey	-22	
H13 - Holidays	Alan Davies	-28	
H14 - Hocus Pocus	Daniel Radcliffe	10	
H14 - Hocus Pocus	Graham Norton	4	
H14 - Hocus Pocus	Lee Mack	-18	
H14 - Hocus Pocus	Alan Davies	-19	
H15 - Hypnosis, Hallucinations & Hysteria	Phill Jupitus	-2	
H15 - Hypnosis, Hallucinations & Hysteria	Alan Davies	-8	
H15 - Hypnosis, Hallucinations & Hysteria	Ronni Ancona	-17	
H15 - Hypnosis, Hallucinations & Hysteria	Robert Webb	-32	
H16 - History	Rob Brydon	2	
H16 - History	David Mitchell	-4	
H16 - History	Sandi Toksvig	-27	
H16 - History	Alan Davies	-29	
I01 - I-Spy	Sandi Toksvig	12	
I01 - I-Spy	Jimmy Carr	-4	
I01 - I-Spy	Lee Mack	-5	
I01 - I-Spy	Alan Davies	-11	
I02 - International	Bill Bailey	4	
I02 - International	Alan Davies	-10	
I02 - International	Jack Dee	-27	
I02 - International	David Mitchell	-44	
I03 - Imbroligio	Frank Skinner	4	
I03 - Imbroligio	John Bishop	4	
I03 - Imbroligio	Sean Lock	-14	
I03 - Imbroligio	Alan Davies	-21	
I04 - Indecision	Phill Jupitus	10	
I04 - Indecision	The Audience	4	
I04 - Indecision	Jimmy Carr	-1	
I04 - Indecision	Rich Hall	-2	
I04 - Indecision	Alan Davies	-14	
I05 - Invertebrates	Johnny Vegas	4	
I05 - Invertebrates	Sarah Millican	2	
I05 - Invertebrates	Alan Davies	-1	
I05 - Invertebrates	Jimmy Carr	-24	
I06 - Inventions	Nina Conti	5	
I06 - Inventions	Gran	4	
I06 - Inventions	Sean Lock	3	
I06 - Inventions	Alan Davies	1	
I06 - Inventions	Bill Bailey	-3	
I07 - Incomprehensible	Brian Cox	5	
I07 - Incomprehensible	Alan Davies	2	
I07 - Incomprehensible	Ross Noble	-6	
I07 - Incomprehensible	Sue Perkins	-17	
I08 - Inequality and Injustice	Clive Anderson	7	
I08 - Inequality and Injustice	Alan Davies	-1 gazillion	
I08 - Inequality and Injustice	Sandi Toksvig	-54	
I08 - Inequality and Injustice	Henning Wehn	-60	
I09 - Illness	Andy Hamilton	8	
I09 - Illness	Ben Goldacre	5	
I09 - Illness	Alan Davies	-7	
I09 - Illness	Jo Brand	-24	
I10 - Inland Revenue	Sandi Toksvig	11	
I10 - Inland Revenue	Dara Ó Briain	6	
I10 - Inland Revenue	Al Murray	-13	
I10 - Inland Revenue	Alan Davies	-22	
I11 - Infantile	Dave Gorman	10	
I11 - Infantile	Alan Davies	6	
I11 - Infantile	Lee Mack	5	
I11 - Infantile	Ronni Ancona	-7	
I12 - Illumination	Rich Hall	3	
I12 - Illumination	Jack Dee	-1	
I12 - Illumination	Chris Addison	-9	
I12 - Illumination	Alan Davies	-45	
I13 - Intelligence	ASIMO	32	
I13 - Intelligence	David Mitchell	4	
I13 - Intelligence	Phill Jupitus	-4	
I13 - Intelligence	Jo Brand	-8	
I13 - Intelligence	Alan Davies	-16	
I16 - Ice	Alan Davies	9	
I16 - Ice	Brian Blessed	-2	
I16 - Ice	Ross Noble	-3	
I16 - Ice	Sean Lock	-8	
I17 - The Immortal Bard	David Mitchell	6	
I17 - The Immortal Bard	Alan Davies	3	
I17 - The Immortal Bard	Sue Perkins	-10	
I17 - The Immortal Bard	Bill Bailey	-14	
I18 - Idleness	Alan Davies	12	
I18 - Idleness	Ross Noble	4	
I18 - Idleness	Jeremy Clarkson	1	
I18 - Idleness	Dara Ó Briain	-15	
J01 - Jargon	Victoria Coren	13	
J01 - Jargon	Bill Bailey	10	
J01 - Jargon	Alan Davies	-6	
J01 - Jargon	Jimmy Carr	-22	
J02 - Jam, Jelly and Juice	Alan Davies	11	
J02 - Jam, Jelly and Juice	Jo Brand	4	
J02 - Jam, Jelly and Juice	Liza Tarbuck	-5	
J02 - Jam, Jelly and Juice	Sue Perkins	-22	
J03 - Journeys	Alan Davies	4	
J03 - Journeys	Rob Brydon	-3	
J03 - Journeys	Cal Wilson	-8	
J03 - Journeys	Phill Jupitus	-16	
J04 - Jack and Jill	David Mitchell	5	
J04 - Jack and Jill	Katy Brand	-3	
J04 - Jack and Jill	Alan Davies	-7	
J04 - Jack and Jill	Sue Perkins	-12	
J05 - J-Places	Susan Calman	15	
J05 - J-Places	Sandi Toksvig	11	
J05 - J-Places	Bill Bailey	4	
J05 - J-Places	Alan Davies	-11	
J06 - Joints	Cal Wilson	-5	
J06 - Joints	Jack Whitehall	-24	
J06 - Joints	Jimmy Carr	-45	
J06 - Joints	Alan Davies	-51	
J07 - Journalism	Ross Noble	-5	
J07 - Journalism	Alan Davies	-6	
J07 - Journalism	Johnny Vegas	-6	
J07 - Journalism	Shappi Khorsandi	-17	
J08 - Jumble	Stephen Fry	52!	
J08 - Jumble	John Sessions	16	
J08 - Jumble	Alan Davies	1	
J08 - Jumble	Jo Brand	1	
J08 - Jumble	Dara Ó Briain	1	
J09 - Jeopardy	Sue Perkins	-6	
J09 - Jeopardy	Ross Noble	-7	
J09 - Jeopardy	Alan Davies	-14	
J09 - Jeopardy	Julia Zemiro	-16	
J10 - Jungles	Reginald D. Hunter	1	
J10 - Jungles	David O’Doherty	-6	
J10 - Jungles	Greg Proops	-8	
J10 - Jungles	Alan Davies	-10	
J11 - Jumpers	Bill Bailey	6	
J11 - Jumpers	Ross Noble	5	
J11 - Jumpers	Alan Davies	-4	
J11 - Jumpers	Julian Clary	-7	
J12 - Justice	Alan Davies	5	
J12 - Justice	Rhys Darby	3	
J12 - Justice	Jason Manford	-2	
J12 - Justice	Brian Cox	-7	
J13 - Jobs	Rev. Richard Coles	23	
J13 - Jobs	David Mitchell	13	
J13 - Jobs	Sarah Millican	8	
J13 - Jobs	Alan Davies	0	
J14 - Jingle Bells	Danny Baker	4	
J14 - Jingle Bells	Sarah Millican	-6	
J14 - Jingle Bells	Phill Jupitus	-32	
J14 - Jingle Bells	Alan Davies	-38	
J15 - Jolly	Alan Davies	12	
J15 - Jolly	Julia Zemiro	-3	
J15 - Jolly	Rob Brydon	-6	
J15 - Jolly	Tim Vine	-27	
J16 - Just the Job	Sandi Toksvig	13	
J16 - Just the Job	Jeremy Clarkson	3	
J16 - Just the Job	Jason Manford	2	
J16 - Just the Job	Alan Davies	-8	
K01 - Knees & Knockers	Sara Pascoe	28	
K01 - Knees & Knockers	Jack Whitehall	-7	
K01 - Knees & Knockers	Alan Davies	-20	
K01 - Knees & Knockers	David Mitchell	-41	
K02 - Kit and Kaboodle	Ross Noble	4	
K02 - Kit and Kaboodle	Noel Fielding	1	
K02 - Kit and Kaboodle	Alan Davies	-6	
K02 - Kit and Kaboodle	Colin Lane	-9	
K03 - K Folk	Alan Davies	7	
K03 - K Folk	Josh Widdicombe	-7	
K03 - K Folk	Katherine Ryan	-8	
K03 - K Folk	Phill Jupitus	-9	
K04 - Knits & Knots	David Mitchell	-6	
K04 - Knits & Knots	Ross Noble	-9	
K04 - Knits & Knots	Alan Davies	-17	
K04 - Knits & Knots	Sue Perkins	-22	
K05 - Kings	The Audience	8	
K05 - Kings	Alan Davies	-18	
K05 - Kings	Bill Bailey	-19	
K05 - Kings	Jimmy Carr	-19	
K05 - Kings	Jeremy Clarkson	-38	
K06 - Killers	Sandi Toksvig	14	
K06 - Killers	Trevor Noah	9	
K06 - Killers	Jason Manford	-6	
K06 - Killers	Alan Davies	-28	
K07 - Knowledge	Alan Davies	689.66	
K07 - Knowledge	Jo Brand	85.73	
K07 - Knowledge	Jimmy Carr	33.58	
K07 - Knowledge	The Audience	23.24	
K07 - Knowledge	Graham Linehan	-19	
K08 - Keys	Alan Davies	-30	4<sup>th</sup> with unspecified score
K08 - Keys	Tim Minchin	-19	3<sup>rd</sup> with unspecified score
K08 - Keys	Bill Bailey	3	
K08 - Keys	Isy Suttie	-8	
K09 - Kinetic	Danny Baker	8	
K09 - Kinetic	Marcus Brigstock	-5	
K09 - Kinetic	Jo Brand	-8	
K09 - Kinetic	Alan Davies	-56	
K10 - Keeps	Bill Bailey	-7	
K10 - Keeps	Jason Manford	-9	
K10 - Keeps	Sarah Millican	-9	
K10 - Keeps	The Audience	-10	
K10 - Keeps	Alan Davies	-27	
K11 - Kinky	Sandi Toksvig	11	
K11 - Kinky	Johnny Vegas	3	
K11 - Kinky	Janet Street-Porter	2	
K11 - Kinky	Alan Davies	-15	
K12 - Knights and Knaves	Rev. Richard Coles	3	
K12 - Knights and Knaves	Victoria Coren	3	
K12 - Knights and Knaves	Alan Davies	-7	
K12 - Knights and Knaves	Sue Perkins	-24	
K13 - Kitchen Sink	Alan Davies	-6	
K13 - Kitchen Sink	Victoria Wood	-7	
K13 - Kitchen Sink	Richard Osman	-17	
K13 - Kitchen Sink	Jason Manford	-38	
K14 - Kris Kringle	Phill Jupitus	3	
K14 - Kris Kringle	Alan Davies	-6	
K14 - Kris Kringle	Jo Brand	-9	
K14 - Kris Kringle	Brendan O’Carroll	-19	
K15 - Kitsch	Jimmy Carr	9	
K15 - Kitsch	Alan Davies	6	
K15 - Kitsch	Reginald D. Hunter	0	
K15 - Kitsch	Sue Perkins	-8	
K16 - Kaleidoscope	Sandi Toksvig	-2	
K16 - Kaleidoscope	Alan Davies	-4	
K16 - Kaleidoscope	Liza Tarbuck	-9	
K16 - Kaleidoscope	Susan Calman	-9	
L01 - L-Animals	Ross Noble	6	
L01 - L-Animals	Alan Davies	-5	
L01 - L-Animals	Sarah Millican	-10	
L01 - L-Animals	Colin Lane	-20	
L02 - Location, Location, Location	Jason Manford	3	
L02 - Location, Location, Location	Johnny Vegas	2	
L02 - Location, Location, Location	Aisling Bea	-7	
L02 - Location, Location, Location	Alan Davies	-14	
L03 - Literature	Victoria Coren	9	
L03 - Literature	The Audience	-2.5	
L03 - Literature	Lloyd Langford	-10	
L03 - Literature	Jack Whitehall	-16	
L03 - Literature	Alan Davies	-39	
L04 - Levity	Alan Davies	11	
L04 - Levity	Josh Widdicombe	5	
L04 - Levity	Frank Skinner	-7	
L04 - Levity	Sue Perkins	-14	
L05 - Lenses	Phill Jupitus	1	
L05 - Lenses	Jo Brand	-6	
L05 - Lenses	Alan Davies	-26	
L05 - Lenses	Josh Widdicombe	-30	
L06 - Liblabble	Alan Davies	4	
L06 - Liblabble	Sara Pascoe	-1	
L06 - Liblabble	Bill Bailey	-6	
L06 - Liblabble	Rev. Richard Coles	-8	
L07 - Lethal	Alan Davies	-13.5	3<sup>rd</sup> with unspecified score
L07 - Lethal	Sandi Toksvig	6	
L07 - Lethal	Bill Bailey	-8	
L07 - Lethal	Jason Manford	-19	
L08 - Lovely	Tony Hawks	7	
L08 - Lovely	Aisling Bea	-6	
L08 - Lovely	Alan Davies	-7	
L08 - Lovely	Josh Widdicombe	-36	
L09 - Ladies and Gents	Ross Noble	2	
L09 - Ladies and Gents	Alan Davies	-8	
L09 - Ladies and Gents	Kathy Lette	-28	
L09 - Ladies and Gents	Sue Perkins	-48	
L10 - Lying	Adam Hills	14	
L10 - Lying	Alan Davies	-8	
L10 - Lying	Sara Pascoe	-11	
L10 - Lying	Jack Whitehall	-19	
L10 - Lying	Shouty Man	-39	
L11 - Lumped Together	Alan Davies	3	
L11 - Lumped Together	David Mitchell	-7	
L11 - Lumped Together	Jimmy Carr	-11	
L11 - Lumped Together	Ronni Ancona	-29	
L12 - No L	Jimmy Carr	5	
L12 - No L	Carrie Fisher	3	
L12 - No L	Bill Bailey	-6	
L12 - No L	Alan Davies	-46	
L13 - Lucky Losers	Alan Davies	52	
L13 - Lucky Losers	Sandi Toksvig	-3	
L13 - Lucky Losers	Jeremy Clarkson	-5	
L13 - Lucky Losers	Danny Baker	-23	
L14 - Little and Large	Lucy Porter	8	
L14 - Little and Large	Phill Jupitus	3	
L14 - Little and Large	Richard Osman	-16	
L14 - Little and Large	Alan Davies	-27	
L15 - Long-Lost	Claudia O’Doherty	9	
L15 - Long-Lost	Alan Davies	-8	
L15 - Long-Lost	Suggs	-16	
L15 - Long-Lost	Jimmy Carr	-37	
L16 - Landmarks	Colin Lane	2	
L16 - Landmarks	Alan Davies	0	
L16 - Landmarks	Jo Brand	-18	
L16 - Landmarks	David Mitchell	-48	
M01 - A Medley of Maladies	Lucy Porter	9	
M01 - A Medley of Maladies	Ross Noble	7	
M01 - A Medley of Maladies	Matt Lucas	-5	
M01 - A Medley of Maladies	Alan Davies	-44	
M02 - Military Matters	Sheila Hancock	-2	
M02 - Military Matters	Jimmy Carr	-8	
M02 - Military Matters	Jeremy Clarkson	-13	
M02 - Military Matters	Alan Davies	-14	
M03 - M-Places	Sue Perkins	-16	4<sup>th</sup> with unspecified score
M03 - M-Places	Sami Shah	-8	2<sup>nd</sup> with unspecified score
M03 - M-Places	Alan Davies	-12	3<sup>rd</sup> with unspecified score
M03 - M-Places	David Mitchell	-4	
M04 - Miscellany	Cariad Lloyd	8	
M04 - Miscellany	Noel Fielding	4	
M04 - Miscellany	Rhod Gilbert	-7	
M04 - Miscellany	Alan Davies	-29	
M05 - Maths	Aisling Bea	2	
M05 - Maths	Sandi Toksvig	0	
M05 - Maths	Susan Calman	-6	
M05 - Maths	Alan Davies	-43	
M06 - Marriage and Mating	Jo Brand	7	
M06 - Marriage and Mating	Greg Davies	-4	
M06 - Marriage and Mating	Bill Bailey	-13	
M06 - Marriage and Mating	Alan Davies	-32	
M07 - Middle Muddle	Danny Bhoy	10	
M07 - Middle Muddle	Jimmy Carr	5	
M07 - Middle Muddle	Aisling Bea	-7	
M07 - Middle Muddle	Alan Davies	-44	
M08 - Merriment	Alan Davies	11	
M08 - Merriment	Johnny Vegas	8	
M08 - Merriment	Bill Bailey	-1	
M08 - Merriment	Jenny Eclair	-2	
M09 - Messing With Your Mind	Tommy Tiernan	2	
M09 - Messing With Your Mind	Alan Davies	-6	
M09 - Messing With Your Mind	Sarah Millican	-18	
M09 - Messing With Your Mind	Josh Widdicombe	-22	
M10 - Making a Meal of It	Phill Jupitus	4	
M10 - Making a Meal of It	Cariad Lloyd	0	
M10 - Making a Meal of It	Dermot O’Leary	-10	
M10 - Making a Meal of It	Alan Davies	-16	
M11 - Menagerie	Bill Bailey	-1	
M11 - Menagerie	Alan Davies	-3	
M11 - Menagerie	Romesh Ranganathan	-8	
M11 - Menagerie	Sue Perkins	-28	
M12 - Medieval and Macabre	Julia Zemiro	-6	
M12 - Medieval and Macabre	Matt Lucas	-6	
M12 - Medieval and Macabre	David Mitchell	-10	
M12 - Medieval and Macabre	Alan Davies	-25	
M13 - Monster Mash	Phill Jupitus	6	
M13 - Monster Mash	Alan Davies	5	
M13 - Monster Mash	Sara Pascoe	-2	
M13 - Monster Mash	Josh Widdicombe	-7	